/*
 Navicat Premium Data Transfer

 Source Server         : Mysql57_3357
 Source Server Type    : MySQL
 Source Server Version : 50721
 Source Host           : localhost:3357
 Source Schema         : mybatis_demo

 Target Server Type    : MySQL
 Target Server Version : 50721
 File Encoding         : 65001

 Date: 16/05/2018 23:14:48
*/

SET NAMES utf8mb4;
SET FOREIGN_KEY_CHECKS = 0;

-- ----------------------------
-- Table structure for items
-- ----------------------------
DROP TABLE IF EXISTS `items`;
CREATE TABLE `items`  (
  `id` int(11) NOT NULL AUTO_INCREMENT,
  `name` varchar(32) CHARACTER SET utf8 COLLATE utf8_general_ci NOT NULL COMMENT '商品名称',
  `price` float(10, 1) NOT NULL COMMENT '商品定价',
  `detail` text CHARACTER SET utf8 COLLATE utf8_general_ci NULL COMMENT '商品描述',
  `pic` varchar(64) CHARACTER SET utf8 COLLATE utf8_general_ci NULL DEFAULT NULL COMMENT '商品图片',
  `createtime` datetime(0) NOT NULL COMMENT '生产日期',
  PRIMARY KEY (`id`) USING BTREE
) ENGINE = InnoDB AUTO_INCREMENT = 6 CHARACTER SET = utf8 COLLATE = utf8_general_ci ROW_FORMAT = Dynamic;

-- ----------------------------
-- Records of items
-- ----------------------------
INSERT INTO `items` VALUES (1, '台式机', 3000.0, '该电脑质量非常好！！！！', NULL, '2015-02-03 13:22:53');
INSERT INTO `items` VALUES (2, '笔记本', 6000.0, '笔记本性能好，质量好！！！！！', NULL, '2015-02-09 13:22:57');
INSERT INTO `items` VALUES (3, '背包', 200.0, '名牌背包，容量大质量好！！！！', NULL, '2015-02-06 13:23:02');
INSERT INTO `items` VALUES (4, '手机', 999.0, NULL, NULL, '2018-05-16 22:28:05');
INSERT INTO `items` VALUES (5, '手机', 999.0, NULL, NULL, '2018-05-16 22:31:18');

-- ----------------------------
-- Table structure for orderdetail
-- ----------------------------
DROP TABLE IF EXISTS `orderdetail`;
CREATE TABLE `orderdetail`  (
  `id` int(11) NOT NULL AUTO_INCREMENT,
  `orders_id` int(11) NOT NULL COMMENT '订单id',
  `items_id` int(11) NOT NULL COMMENT '商品id',
  `items_num` int(11) NULL DEFAULT NULL COMMENT '商品购买数量',
  PRIMARY KEY (`id`) USING BTREE,
  INDEX `FK_orderdetail_1`(`orders_id`) USING BTREE,
  INDEX `FK_orderdetail_2`(`items_id`) USING BTREE,
  CONSTRAINT `FK_orderdetail_1` FOREIGN KEY (`orders_id`) REFERENCES `orders` (`id`) ON DELETE NO ACTION ON UPDATE NO ACTION,
  CONSTRAINT `FK_orderdetail_2` FOREIGN KEY (`items_id`) REFERENCES `items` (`id`) ON DELETE NO ACTION ON UPDATE NO ACTION
) ENGINE = InnoDB AUTO_INCREMENT = 5 CHARACTER SET = utf8 COLLATE = utf8_general_ci ROW_FORMAT = Dynamic;

-- ----------------------------
-- Records of orderdetail
-- ----------------------------
INSERT INTO `orderdetail` VALUES (1, 3, 1, 1);
INSERT INTO `orderdetail` VALUES (2, 3, 2, 3);
INSERT INTO `orderdetail` VALUES (3, 4, 3, 4);
INSERT INTO `orderdetail` VALUES (4, 4, 2, 3);

-- ----------------------------
-- Table structure for orders
-- ----------------------------
DROP TABLE IF EXISTS `orders`;
CREATE TABLE `orders`  (
  `id` int(11) NOT NULL AUTO_INCREMENT,
  `user_id` int(11) NOT NULL COMMENT '下单用户id',
  `number` varchar(32) CHARACTER SET utf8 COLLATE utf8_general_ci NOT NULL COMMENT '订单号',
  `createtime` datetime(0) NOT NULL COMMENT '创建订单时间',
  `note` varchar(100) CHARACTER SET utf8 COLLATE utf8_general_ci NULL DEFAULT NULL COMMENT '备注',
  PRIMARY KEY (`id`) USING BTREE,
  INDEX `FK_orders_1`(`user_id`) USING BTREE,
  CONSTRAINT `FK_orders_id` FOREIGN KEY (`user_id`) REFERENCES `user` (`id`) ON DELETE NO ACTION ON UPDATE NO ACTION
) ENGINE = InnoDB AUTO_INCREMENT = 6 CHARACTER SET = utf8 COLLATE = utf8_general_ci ROW_FORMAT = Dynamic;

-- ----------------------------
-- Records of orders
-- ----------------------------
INSERT INTO `orders` VALUES (3, 1, '1000010', '2015-02-04 13:22:35', NULL);
INSERT INTO `orders` VALUES (4, 1, '1000011', '2015-02-03 13:22:41', NULL);
INSERT INTO `orders` VALUES (5, 10, '1000012', '2015-02-12 16:13:23', NULL);

-- ----------------------------
-- Table structure for user
-- ----------------------------
DROP TABLE IF EXISTS `user`;
CREATE TABLE `user`  (
  `id` int(11) NOT NULL AUTO_INCREMENT,
  `username` varchar(32) CHARACTER SET utf8 COLLATE utf8_general_ci NOT NULL COMMENT '用户名称',
  `birthday` date NULL DEFAULT NULL COMMENT '生日',
  `sex` enum('男','女','未知') CHARACTER SET utf8 COLLATE utf8_general_ci NULL DEFAULT '未知' COMMENT '性别',
  `address` varchar(256) CHARACTER SET utf8 COLLATE utf8_general_ci NULL DEFAULT NULL COMMENT '地址',
  PRIMARY KEY (`id`) USING BTREE
) ENGINE = InnoDB AUTO_INCREMENT = 36 CHARACTER SET = utf8 COLLATE = utf8_general_ci ROW_FORMAT = Dynamic;

-- ----------------------------
-- Records of user
-- ----------------------------
INSERT INTO `user` VALUES (1, '昆明王五', NULL, '女', '云南省');
INSERT INTO `user` VALUES (10, '张三', '2014-07-10', '男', '北京市');
INSERT INTO `user` VALUES (16, '张小明', NULL, '男', '云南省昆明');
INSERT INTO `user` VALUES (22, '王小明', NULL, '女', '云南昆明五华区');
INSERT INTO `user` VALUES (24, '张三丰', NULL, '男', '四川成都');
INSERT INTO `user` VALUES (25, '陈小明', NULL, '男', '云南省昆明');
INSERT INTO `user` VALUES (26, '深圳王五', NULL, '未知', '广东深圳');
INSERT INTO `user` VALUES (27, '王子', '2018-05-13', '男', '云南曲靖');
INSERT INTO `user` VALUES (28, '小胖子', '2018-05-12', '男', '云南昆明市盘龙区');
INSERT INTO `user` VALUES (30, '小胖子3', '2018-05-12', '男', '云南昆明市五华区');
INSERT INTO `user` VALUES (31, '张媛媛', '2018-05-12', '女', '云南昆明市五华区');
INSERT INTO `user` VALUES (32, '李小明', '2016-06-15', '男', '北京市');
INSERT INTO `user` VALUES (33, '张媛媛', '2018-05-12', '女', '云南昆明市五华区');
INSERT INTO `user` VALUES (34, '张媛媛', '2018-05-12', '女', '云南昆明市五华区');
INSERT INTO `user` VALUES (35, '张媛媛', '2018-05-13', '女', '云南昆明市五华区');

SET FOREIGN_KEY_CHECKS = 1;
